{
  "project_info": {
    "project_number": "949425671562",
    "project_id": "recipe-finder-fc8f5",
    "storage_bucket": "recipe-finder-fc8f5.appspot.com"
  },
  "client": [
    {
      "client_info": {
        "mobilesdk_app_id": "1:949425671562:android:352d83e81b809fffebcc73",
        "android_client_info": {
          "package_name": "com.example.recipeFinder"
        }
      },
      "oauth_client": [
        {
          "client_id": "949425671562-so19nq3o19r7g7ll3ar697disv5gj287.apps.googleusercontent.com",
          "client_type": 1,
          "android_info": {
            "package_name": "com.example.recipeFinder",
            "certificate_hash": "febfe39bf93c374b677a0847236ae9a52c6af5bf"
          }
        },
        {
          "client_id": "949425671562-4dek47biivjveuap4kus2060el48n9pe.apps.googleusercontent.com",
          "client_type": 3
        }
      ],
      "api_key": [
        {
          "current_key": "AIzaSyABrzVKQ_bTILNsPW7zacJ-J2CXg8E8pmI"
        }
      ],
      "services": {
        "appinvite_service": {
          "other_platform_oauth_client": [
            {
              "client_id": "949425671562-4dek47biivjveuap4kus2060el48n9pe.apps.googleusercontent.com",
              "client_type": 3
            }
          ]
        }
      }
    }
  ],
  "configuration_version": "1"
}